Afghanistan|Pashto
Netherlands|Dutch
Albania|Albaniana
Algeria|Arabic
American Samoa|Samoan
Anguilla|English
United Arab Emirates|Arabic
Argentina|Spanish
Armenia|Armenian
Australia|English
Azerbaijan|Azerbaijani
Bahrain|Arabic
Bangladesh|Bengali
Belgium|Dutch
Belize|English
Bermuda|English
Bhutan|Dzongkha
Bolivia|Spanish
Bosnia and Herzegovina|Serbo-Croatian
Brazil|Portuguese
United Kingdom|English
Virgin Islands, British|English
Brunei|Malay
Bulgaria|Bulgariana
Cayman Islands|English
Chile|Spanish
Cook Islands|Maori
Costa Rica|Spanish
Dominican Republic|Spanish
Ecuador|Spanish
Egypt|Arabic
El Salvador|Spanish
Eritrea|Tigrinja
Spain|Spanish
Falkland Islands|English
Fiji Islands|Fijian
Philippines|Pilipino
Georgia|Georgiana
Gibraltar|English
Guam|English
Guatemala|Spanish
Honduras|Spanish
Svalbard and Jan Mayen|Norwegian
India|Hindi
Iraq|Arabic
Iran|Persian
Ireland|English
Iceland|Icelandic
Italy|Italian
Austria|German
Japan|Japanese
Yemen|Arabic
Jordan|Arabic
Yugoslavia|Serbo-Croatian
Cambodia|Khmer
Canada|English
Kazakstan|Kazakh
China|Chinese
Kiribati|Kiribati
Colombia|Spanish
Comoros|Comorian
North Korea|Korean
South Korea|Korean
Greece|Greek
Croatia|Serbo-Croatian
Cuba|Spanish
Kuwait|Arabic
Cyprus|Greek
Laos|Lao
Latvia|Latvian
Lebanon|Arabic
Libyan Arab Jamahiriya|Arabic
Liechtenstein|German
Lithuania|Lithuanian
Western Sahara|Arabic
Macedonia|Macedonian
Malawi|Chichewa
Maldives|Dhivehi
Malaysia|Malay
Morocco|Arabic
Mexico|Spanish
Moldova|Romanian
Monaco|French
Mongolia|Mongolian
Montserrat|English
Myanmar|Burmese
Nepal|Nepali
Nicaragua|Spanish
Norfolk Island|English
Norway|Norwegian
Oman|Arabic
Panama|Spanish
Paraguay|Spanish
Peru|Spanish
Portugal|Portuguese
Puerto Rico|Spanish
Poland|Polish
Qatar|Arabic
France|French
Romania|Romanian
Sweden|Swedish
Saint Helena|English
Saint Pierre and Miquelon|French
Germany|German
San Marino|Italian
Saudi Arabia|Arabic
Senegal|Wolof
Slovakia|Slovak
Slovenia|Slovene
Sudan|Arabic
Swaziland|Swazi
Switzerland|German
Syria|Arabic
Tajikistan|Tadzhik
Denmark|Danish
Thailand|Thai
Czech Republic|Czech
Tunisia|Arabic
Turkey|Turkish
Turkmenistan|Turkmenian
Turks and Caicos Islands|English
Ukraine|Ukrainian
Hungary|Hungarian
Uruguay|Spanish
New Zealand|English
Uzbekistan|Uzbek
Holy See (Vatican City State)|Italian
Venezuela|Spanish
Russian Federation|Russian
Vietnam|Vietnamese
Estonia|Estonian
United States|English
Virgin Islands, U.S.|English
United States Minor Outlying Islands|English
Afghanistan|Dari
Andorra|Catalan
Antigua and Barbuda|English
Barbados|English
Burundi|French
Faroe Islands|Danish
Greenland|Danish
Guadeloupe|French
Haiti|French
Hong Kong|English
Israel|Arabic
East Timor|Portuguese
Christmas Island|English
Cape Verde|Portuguese
Kyrgyzstan|Russian
Cocos (Keeling) Islands|English
Macao|Portuguese
Madagascar|French
Malta|English
Marshall Islands|English
Martinique|French
Mayotte|French
Niue|English
French Polynesia|French
Rwanda|French
Saint Kitts and Nevis|English
Saint Lucia|English
Saint Vincent and the Grenadines|English
Samoa|Samoan
Somalia|Arabic
Sri Lanka|Tamil
Finland|Swedish
Taiwan|Mandarin Chinese
Tanzania|Swahili
Togo|Kabyz
Tokelau|English
Tonga|English
Chad|Arabic
New Caledonia|French
Belarus|Russian
Netherlands Antilles|Dutch
Djibouti|Arabic
Indonesia|Malay
Lesotho|English
Palau|English
Seychelles|French
Singapore|Tamil
Tuvalu|English
Vanuatu|French
Zimbabwe|English
Aruba|Dutch
Guinea Bissau|Portuguese
Luxembourg|French
South Africa|English
Nauru|English
Pakistan|Urdu
Northern Mariana Islands|English
England|English
Scotland|English
Korea Republic|Korean
Wales|English
Kosovo|Serbian
Serbia|Serbian
Ivory Coast|French
Republic of Ireland|Irish
Northern Ireland|English
Russia|Russian
DR Congo|French
North Macedonia|Macedonian
Bosnia Herzegovina|Bosnian
China PR|Chinese
Montenegro|Montenegrin
Curacao|Dutch
Trinidad & Tobago|English
Brunei Darussalam|Malay
Kazakhstan|Kazakh
Korea DPR|Korean
Macau|Chinese
Libya|Libyan
Antigua & Barbuda|English
São Tomé & Príncipe|Portuguese
Chinese Taipei|Chineses
South Sudan|Arabic
Fiji|Fijian
Cameroon|French
Burkina Faso|French
Nigeria|English
Ghana|English
Zambia|English
Gabon|French
Jamaica|English
Mali|French
Central African Republic|Sango
Guinea|French
Gambia|English
Liberia|English
Angola|Portuguese
Namibia|English
Sierra Leone|English
Kenya|English
Congo|French
Uganda|English
Benin|French
Mozambique|Portuguese
Equatorial Guinea|Spanish
Mauritania|Arabic
Guyana|English
Grenada|English
Niger|French
Papua New Guinea|English
Palestine|Arabic
Suriname|Dutch
Ethiopia|Amharic